Account address,Show boosts,Notify on new posts,Languages
LukaszOlejnik@mastodon.social,True,False,
thegrugq@infosec.exchange,True,False,
kravietz@agora.echelon.pl,True,False,
percepticon@ioc.exchange,True,False,
halvarflake@mastodon.social,True,False,
liampomfret@mastodon.social,True,False,
Helma@Mastodon.social,True,False,
dcuthbert@noc.social,True,False,
janterpstra@mastodon.social,True,False,
ljrk@todon.eu,True,False,
tek@todon.eu,True,False,
psiinon@infosec.exchange,True,False,
maldr0id@infosec.exchange,True,False,
sundhaug92@mastodon.social,True,False,
tomchop@infosec.exchange,True,False,
securestep9@infosec.exchange,True,False,
GlennPegden@infosec.exchange,True,False,
nono2357@infosec.exchange,True,False,
kennwhite@mastodon.social,True,False,
catileptic@chaos.social,True,False,
agent0x0@infosec.exchange,True,False,
imlordofthering@infosec.exchange,True,False,
dmnk@infosec.exchange,True,False,
sharedsecurity@infosec.exchange,True,False,
gynvael@infosec.exchange,True,False,
ChrisJohnRiley@infosec.exchange,True,False,
ewj@hachyderm.io,True,False,
bknudtson@vmst.io,True,False,
CommieGIR@infosec.exchange,True,False,
raptor@infosec.exchange,True,False,
vinoth@infosec.exchange,True,False,
DarkOperator@ioc.exchange,True,False,
andreamm@mastodon.social,True,False,
teksquisite@infosec.exchange,True,False,
itspeterc@infosec.exchange,True,False,
john@gaelicWizard.net,True,False,
ChocolateCoat@infosec.exchange,True,False,
christophetd@infosec.exchange,True,False,
xntrik@mastodon.social,True,False,
matthew_d_green@ioc.exchange,True,False,
fullyabstract@fosstodon.org,True,False,
peterbjornx@hsnl.social,True,False,
enoclue@ioc.exchange,True,False,
jonah@neat.computer,True,False,
chetwisniewski@securitycafe.ca,True,False,
johntimaeus@mastodon.social,True,False,
reitinger@ioc.exchange,True,False,
timcappalli@infosec.exchange,True,False,
fsmontenegro@infosec.exchange,True,False,
jrenken@mastodon.sandwich.net,True,False,
lcamtuf@infosec.exchange,True,False,
_dm@infosec.exchange,True,False,
jomo@mstdn.io,True,False,
ret2bed@infosec.exchange,True,False,
stevenseeley@infosec.exchange,True,False,
barbie@chaos.social,True,False,
albinowax@infosec.exchange,True,False,
decalage@mastodon.social,True,False,
williballenthin@mastodon.social,True,False,
xavier@infosec.exchange,True,False,
gcluley@mastodon.green,True,False,
pixelnull@infosec.exchange,True,False,
dostalcody@infosec.exchange,True,False,
droe@infosec.exchange,True,False,
amuse@infosec.exchange,True,False,
lattera@bsd.network,True,False,
tweedge@cybersecurity.theater,True,False,
dragosr@chaos.social,True,False,
RGB_Lights@infosec.exchange,True,False,
patrickcmiller@infosec.exchange,True,False,
folini@infosec.exchange,True,False,
sawaba@infosec.exchange,True,False,
tsudo@infosec.exchange,True,False,
vanhoefm@infosec.exchange,True,False,
gorka@infosec.exchange,True,False,
AlesandroOrtiz@infosec.exchange,True,False,
MrMeritology@infosec.exchange,True,False,
bluecat@ioc.exchange,True,False,
phretor@infosec.exchange,True,False,
hal_pomeranz@infosec.exchange,True,False,
jaybeale@infosec.exchange,True,False,
hdm@infosec.exchange,True,False,
pgl@infosec.exchange,True,False,
pgl@infosec.exchange,True,False,
alethe@infosec.exchange,True,False,
bogo@hapyyr.com,True,False,
ryanc@infosec.exchange,True,False,
ryanc@infosec.exchange,True,False,
nasko@infosec.exchange,True,False,
lennyzeltser@infosec.exchange,True,False,
dhw@infosec.exchange,True,False,
lkarlslund@infosec.exchange,True,False,
WPalant@infosec.exchange,True,False,
crudge@infosec.exchange,True,False,
AndyGreenPhd@infosec.exchange,True,False,
jtk@infosec.exchange,True,False,
quaithe@mastodon.social,True,False,
itm4n@infosec.exchange,True,False,
insiderphd@infosec.exchange,True,False,
Ric@Infosec.exchange,True,False,
theJoshMeister@infosec.exchange,True,False,
eljefedsecurit@infosec.exchange,True,False,
hatr@infosec.exchange,True,False,
Markschultz@tech.lgbt,True,False,
schuldberg@infosec.exchange,True,False,
spacerog@mastodon.social,True,False,
redford@infosec.exchange,True,False,
kevincollier@mastodon.social,True,False,
robert@mstdn.ca,True,False,
jullrich@infosec.exchange,True,False,
krelnik@infosec.exchange,True,False,
nw@ioc.exchange,True,False,
hughsie@mastodon.social,True,False,
Foxboron@chaos.social,True,False,
fj@mastodon.social,True,False,
Seecurity@infosec.exchange,True,False,
againsthimself@ioc.exchange,True,False,
atoponce@fosstodon.org,True,False,
vcsjones@infosec.exchange,True,False,
DavidJBianco@infosec.exchange,True,False,
JosephMenn@infosec.exchange,True,False,
brynet@bsd.network,True,False,
secvalve@cloudisland.nz,True,False,
nopatience@swecyb.com,True,False,
Sikorsky78@Infosec.exchange,True,False,
rene_mobile@infosec.exchange,True,False,
mainframed767@infosec.exchange,True,False,
charlesdardaman@infosec.exchange,True,False,
g0tmi1k@infosec.exchange,True,False,
privacydigest@mas.to,True,False,
SonarResearch@infosec.exchange,True,False,
xabean@infosec.exchange,True,False,
paulasadoorian@infosec.exchange,True,False,
mttaggart@infosec.exchange,True,False,
tarah@infosec.exchange,True,False,
bascule@mas.to,True,False,
z_edian@infosec.exchange,True,False,
bittner@hachyderm.io,True,False,
epixoip@infosec.exchange,True,False,
catsalad@infosec.exchange,True,False,
dave_von_s@infosec.exchange,True,False,
chetwisniewski@securitycafe.ca,True,False,
jschauma@mstdn.social,True,False,
volt4ire@mastodon.social,True,False,
ForIamCJ@infosec.exchange,True,False,
troed@ioc.exchange,True,False,
@shellsharks@shellsharks.social,True,False,
