Account address,Show boosts,Notify on new posts,Languages
LukaszOlejnik@mastodon.social,True,False,
thegrugq@infosec.exchange,True,False,
kravietz@agora.echelon.pl,True,False,
sirdarckcat@infosec.exchange,True,False,
DJWhite@mastodon.world,True,False,
yeswehack@infosec.exchange,True,False,
_coeus@infosec.exchange,True,False,
percepticon@ioc.exchange,True,False,
0xmachos@chaos.social,True,False,
jimmychappell@infosec.exchange,True,False,
davidstalane@mastodon.social,True,False,
_coeus@ioc.exchange,True,False,
halvarflake@mastodon.social,True,False,
liampomfret@mastodon.social,True,False,
disconnect3d@infosec.exchange,True,False,
Helma@Mastodon.social,True,False,
dcuthbert@noc.social,True,False,
jrt@chaos.social,True,False,
eckes@chaos.social,True,False,
janterpstra@mastodon.social,True,False,
maitai@infosec.exchange,True,False,
ljrk@todon.eu,True,False,
_marklech_@infosec.exchange,True,False,
terjanq@infosec.exchange,True,False,
thypon@mastodon.social,True,False,
cybersoldier@infosec.exchange,True,False,
tek@todon.eu,True,False,
ukuellmar@ioc.exchange,True,False,
psiinon@infosec.exchange,True,False,
maldr0id@infosec.exchange,True,False,
sundhaug92@mastodon.social,True,False,
disintegrate@infosec.exchange,True,False,
tomchop@infosec.exchange,True,False,
iglocska@infosec.exchange,True,False,
freddyb@security.plumbing,True,False,
securestep9@infosec.exchange,True,False,
charlieromeo@infosec.exchange,True,False,
GlennPegden@infosec.exchange,True,False,
nono2357@infosec.exchange,True,False,
Rajiv@infosec.exchange,True,False,
hackndo@infosec.exchange,True,False,
jaylagorio@infosec.exchange,True,False,
kennwhite@mastodon.social,True,False,
siggib@infosec.exchange,True,False,
lawsecnet@infosec.exchange,True,False,
brownglock@infosec.exchange,True,False,
catileptic@chaos.social,True,False,
agent0x0@infosec.exchange,True,False,
lordsaibat@mastodon.social,True,False,
Weld@infosec.social,True,False,
steve@tooty.org,True,False,
imlordofthering@infosec.exchange,True,False,
bento@infosec.exchange,True,False,
sphynx@infosec.exchange,True,False,
magnusmccune@infosecexchange,True,False,
dmnk@infosec.exchange,True,False,
sharedsecurity@infosec.exchange,True,False,
gynvael@infosec.exchange,True,False,
ganofins@infosec.exchange,True,False,
ChrisJohnRiley@infosec.exchange,True,False,
ewj@hachyderm.io,True,False,
bknudtson@vmst.io,True,False,
bruceF0rte@mastodon.lol,True,False,
angryspacelizard@infosec.exchange,True,False,
CommieGIR@infosec.exchange,True,False,
securetty@infosec.exchange,True,False,
zi0Black@infosec.exchange,True,False,
raptor@infosec.exchange,True,False,
rossk@hachyderm.io,True,False,
vinoth@infosec.exchange,True,False,
luisgoncalves@masto.pt,True,False,
mrdbcross@infosec.exchange,True,False,
chrisabides@infosec.exchange,True,False,
DarkOperator@ioc.exchange,True,False,
littledetritus@geraffel.social,True,False,
credmp@fosstodon.org,True,False,
andreamm@mastodon.social,True,False,
teksquisite@infosec.exchange,True,False,
DuncanHollis@ioc.exchange,True,False,
cdzeno@infosec.exchange,True,False,
itspeterc@infosec.exchange,True,False,
niksthehacker@infosec.exchange,True,False,
john@gaelicWizard.net,True,False,
sobhanmahfuz@infosec.exchange,True,False,
areino@laterracita.online,True,False,
ersin@mastodon.com.tr,True,False,
omarbv@infosec.exchange,True,False,
bkimminich@infosec.exchange,True,False,
koto@infosec.exchange,True,False,
AsafLubin@noc.social,True,False,
ChocolateCoat@infosec.exchange,True,False,
christophetd@infosec.exchange,True,False,
jaybosamiya@mastodon.online,True,False,
rene_mobile@mas.to,True,False,
xntrik@mastodon.social,True,False,
smaury@infosec.exchange,True,False,
minimalblue@infosec.exchange,True,False,
secureideas@infosec.exchange,True,False,
rondeibert@ioc.exchange,True,False,
matthew_d_green@ioc.exchange,True,False,
packetintransit@noc.social,True,False,
benheise@infosec.exchange,True,False,
x0darkpadr3@neonsoup.xyz,True,False,
fullyabstract@fosstodon.org,True,False,
peterbjornx@hsnl.social,True,False,
enoclue@ioc.exchange,True,False,
jeremyepstein@ioc.exchange,True,False,
jonah@neat.computer,True,False,
dreadpir8robots@infosec.exchange,True,False,
chetwisniewski@securitycafe.ca,True,False,
johntimaeus@mastodon.social,True,False,
reitinger@ioc.exchange,True,False,
timcappalli@infosec.exchange,True,False,
sumgr0@infosec.exchange,True,False,
tancrede@tech.lgbt,True,False,
fsmontenegro@infosec.exchange,True,False,
thepalakjain@ioc.exchange,True,False,
jrenken@mastodon.sandwich.net,True,False,
vrch@infosec.exchange,True,False,
tychotithonus@infosec.exchange,True,False,
paulmillr@mastodon.social,True,False,
aditya12anand@infosec.exchange,True,False,
drunkrhin0@infosec.exchange,True,False,
commjoenie@mastodon.online,True,False,
d3sre@geraffel.social,True,False,
nadimkobeissi@ioc.exchange,True,False,
mswann@infosec.exchange,True,False,
lcamtuf@infosec.exchange,True,False,
_dm@infosec.exchange,True,False,
adulau@infosec.exchange,True,False,
gren@tragi.cc,True,False,
rbidou@infosec.exchange,True,False,
Sh0ckFR@infosec.exchange,True,False,
woany@infosec.exchange,True,False,
pwntester@infosec.exchange,True,False,
eugeneteo@infosec.exchange,True,False,
luiss@fosstodon.org,True,False,
jomo@mstdn.io,True,False,
ret2bed@infosec.exchange,True,False,
adulau@infosec.exchange,True,False,
stevenseeley@infosec.exchange,True,False,
barbie@chaos.social,True,False,
0xedward@mastodon.social,True,False,
albinowax@infosec.exchange,True,False,
datenkeller@chaos.social,True,False,
laluka@infosec.exchange,True,False,
decalage@mastodon.social,True,False,
ndurner@infosec.exchange,True,False,
Arbenn@infosec.exchange,True,False,
graystevens@chaos.social,True,False,
lizrice@hachyderm.io,True,False,
williballenthin@mastodon.social,True,False,
DanielRThomas@social.coop,True,False,
willc@infosec.exchange,True,False,
tallison@mastodon.social,True,False,
xavier@infosec.exchange,True,False,
wtfpdf@mastodon.social,True,False,
Y0da4a@mastodon.social,True,False,
gcluley@mastodon.green,True,False,
pixelnull@infosec.exchange,True,False,
riskymanag3ment@infosec.exchange,True,False,
swissky@infosec.exchange,True,False,
dostalcody@infosec.exchange,True,False,
tomituominen@infosec.exchange,True,False,
jayb@infosec.exchange,True,False,
toan@infosec.exchange,True,False,
s4n7h0@mastodon.social,True,False,
johnduggins@mastodon.lol,True,False,
razvan@infosec.exchange,True,False,
D4rkByt3s@infosec.exchange,True,False,
ustayready@infosec.exchange,True,False,
pumba@infosec.exchange,True,False,
droe@infosec.exchange,True,False,
__mielczarek@mastodon.online,True,False,
b00010111@ioc.exchange,True,False,
myhkho@infosec.exchange,True,False,
hugsy@infosec.exchange,True,False,
jarrodfrates@infosec.exchange,True,False,
197naveen@infosec.exchange,True,False,
cyanpencil@infosec.exchange,True,False,
pizzahax@det.social,True,False,
anton612@infosec.exchange,True,False,
edermi@infosec.exchange,True,False,
securescientist@infosec.exchange,True,False,
ots@infosec.exchange,True,False,
lucasgonze@indieweb.social,True,False,
swapgs@infosec.exchange,True,False,
tcely@fosstodon.org,True,False,
os2mac@mastodon.social,True,False,
os2mac@infosec.exchange,True,False,
flowyroll@infosec.exchange,True,False,
le0l@infosec.exchange,True,False,
samuel@infosec.exchange,True,False,
shellster@infosec.exchange,True,False,
sailingbikeruk@infosec.exchange,True,False,
zixxorb@infosec.exchange,True,False,
dlitchfield@infosec.exchange,True,False,
amuse@infosec.exchange,True,False,
lattera@bsd.network,True,False,
shellsharks@infosec.exchange,True,False,
szymex73@infosec.exchange,True,False,
tweedge@cybersecurity.theater,True,False,
privacy@ioc.exchange,True,False,
keirsnelling@infosec.exchange,True,False,
sporkmonger@mastodon.social,True,False,
JonSolworth@infosec.exchange,True,False,
xeysz@catcatnya.com,True,False,
dragosr@chaos.social,True,False,
RGB_Lights@infosec.exchange,True,False,
x30n@infosec.exchange,True,False,
dollyjus@infosec.exchange,True,False,
thomasorlita@infosec.exchange,True,False,
gareth@infosec.exchange,True,False,
oonahathaway@mastodon.world,True,False,
patrickcmiller@infosec.exchange,True,False,
tonyarris@infosec.exchange,True,False,
kabulkurniawan@mastodon.social,True,False,
przemyslawstys@infosec.exchange,True,False,
__db__@mastodon.social,True,False,
ju916@chaos.social,True,False,
duanegran@infosec.exchange,True,False,
theparmak@infosec.exchange,True,False,
folini@infosec.exchange,True,False,
xnorkl@infosec.exchange,True,False,
bcrypt@mastodon.social,True,False,
DSMcL@techhub.social,True,False,
4n6matt@infosec.exchange,True,False,
weirdnik@mastodon.social,True,False,
cnotin@infosec.exchange,True,False,
sawaba@infosec.exchange,True,False,
ohCoz@infosec.exchange,True,False,
tsudo@infosec.exchange,True,False,
andraste@infosec.exchange,True,False,
mrpnkt@noc.social,True,False,
carstein@infosec.exchange,True,False,
Lyon@infosec.exchange,True,False,
faridtsl@infosec.exchange,True,False,
vanhoefm@infosec.exchange,True,False,
dross@oldbytes.space,True,False,
secwolf404@mas.to,True,False,
saligrama@mas.to,True,False,
gorka@infosec.exchange,True,False,
petruknisme@infosec.exchange,True,False,
winterknife@infosec.exchange,True,False,
CyberRaiju@infosec.exchange,True,False,
mahaloz@infosec.exchange,True,False,
AlesandroOrtiz@infosec.exchange,True,False,
JonathanSalwan@infosec.exchange,True,False,
ericfreyss@mastodon.social,True,False,
MrMeritology@infosec.exchange,True,False,
VishnyaSweet@infosec.exchange,True,False,
bluecat@ioc.exchange,True,False,
bjg@infosec.exchange,True,False,
phretor@infosec.exchange,True,False,
infosecsidekick@infosec.exchange,True,False,
hal_pomeranz@infosec.exchange,True,False,
DFIR_abrignoni@infosec.exchange,True,False,
dafthack@infosec.exchange,True,False,
voidsec@infosec.exchange,True,False,
miri@infosec.exchange,True,False,
pentesterland@infosec.exchange,True,False,
_jake@ioc.exchange,True,False,
joshlemon@infosec.exchange,True,False,
swiefling@hci.social,True,False,
coffeetocode@infosec.exchange,True,False,
jaybeale@infosec.exchange,True,False,
hdm@infosec.exchange,True,False,
phdcybersec@infosec.exchange,True,False,
pgl@infosec.exchange,True,False,
pgl@infosec.exchange,True,False,
erehwon@counter.social,True,False,
alethe@infosec.exchange,True,False,
pr0me@infosec.exchange,True,False,
bogo@hapyyr.com,True,False,
0Xiphorus@infosec.exchange,True,False,
ryanc@infosec.exchange,True,False,
ryanc@infosec.exchange,True,False,
roddhjav@mamot.fr,True,False,
thefluffy007@infosec.exchange,True,False,
karver@infosec.exchange,True,False,
chrisdfir@infosec.exchange,True,False,
nasko@infosec.exchange,True,False,
lpwaterhouse@ioc.exchange,True,False,
ra1issa@ioc.exchange,True,False,
PatrickEmmick@ioc.exchange,True,False,
afloydmarshall@infosec.exchange,True,False,
lennyzeltser@infosec.exchange,True,False,
dhw@infosec.exchange,True,False,
lkarlslund@infosec.exchange,True,False,
WPalant@infosec.exchange,True,False,
jaegeral@infosec.exchange,True,False,
bobmcmillan@infosec.exchange,True,False,
crudge@infosec.exchange,True,False,
midfoilstech@infosec.exchange,True,False,
PATooting13@fosstodon.org,True,False,
sandrasaluti@infosec.exchange,True,False,
geffner@infosec.exchange,True,False,
ReckedExe@infosec.exchange,True,False,
leotanczt@mastodon.social,True,False,
robertswiecki@infosec.exchange,True,False,
jennatoles@infosec.exchange,True,False,
anand_venkatanarayanan@infosec.exchange,True,False,
jersectx@infosec.exchange,True,False,
b3nw@mastodon.social,True,False,
geekymalcolm@ioc.exchange,True,False,
HeikeRitter@infosec.exchange,True,False,
sanjaymenon@mastodon.social,True,False,
nyanbox@infosec.exchange,True,False,
spiderwickhazel@infosec.exchange,True,False,
spiderwickhazel@mastodon.social,True,False,
AndyGreenPhd@infosec.exchange,True,False,
user@infosec.exchange,True,False,
vinny@infosec.exchange,True,False,
alexanderlhicks@mastodon.social,True,False,
albertc@fediscience.org,True,False,
yawnbox@disobey.net,True,False,
simonmigliano@infosec.exchange,True,False,
robpomeroy@infosec.exchange,True,False,
leune@infosec.exchange,True,False,
virtualvinny@infosec.exchange,True,False,
jtk@infosec.exchange,True,False,
quaithe@mastodon.social,True,False,
Ciro_Villa@infosec.exchange,True,False,
novafacing@infosec.local,True,False,
itm4n@infosec.exchange,True,False,
insiderphd@infosec.exchange,True,False,
Ric@Infosec.exchange,True,False,
hgascon@infosec.exchange,True,False,
checkymander@infosec.exchange,True,False,
kschoenefeld@infosec.exchange,True,False,
ashar@infosec.exchange,True,False,
davidseidl@mstdn.social,True,False,
CurtWilson@mastodon.social.,True,False,
packet@infosec.exchange,True,False,
jfx@infosec.exchange,True,False,
theJoshMeister@infosec.exchange,True,False,
mrivero@infosec.exchange,True,False,
jasonelrod@infosec.exchange,True,False,
MarcusBotacin@infosec.exchange,True,False,
toolcrypt@infosec.exchange,True,False,
zwad3@infosec.exchange,True,False,
lasq@infosec.exchange,True,False,
pwningsystems@infosec.exchange,True,False,
Adenkiewicz@infosec.exchange,True,False,
blakley@infosec.exchange,True,False,
Vibronet@noc.social,True,False,
___m___@infosec.exchange,True,False,
eljefedsecurit@infosec.exchange,True,False,
spv@spv.sh,True,False,
rlx@infosec.exchange,True,False,
lilstevie@infosec.exchange,True,False,
thefreehunter@infosec.exchange,True,False,
hatr@infosec.exchange,True,False,
scalefree@infosec.exchange,True,False,
davidbanghart@mstdn.social,True,False,
RaySinclair@infosec.exchange,True,False,
0xdead8ead@defcon.social,True,False,
neillperry@infosec.exchange,True,False,
Markschultz@tech.lgbt,True,False,
techcutie@infosec.exchange,True,False,
typezero@infosec.exchange,True,False,
affix@pentest.sh,True,False,
bolo@mastodon.bida.im,True,False,
SalcedoGeorge@mastodon.world,True,False,
jkamdjou@infosec.exchange,True,False,
AlishaBeth@infosec.exchange,True,False,
schuldberg@infosec.exchange,True,False,
degrigis@infosec.exchange,True,False,
spacerog@mastodon.social,True,False,
redford@infosec.exchange,True,False,
emre@mastodon.social,True,False,
kevincollier@mastodon.social,True,False,
fuomag9@kiwi.fuo.fi,True,False,
swherdman@mastodon.social,True,False,
dawnisabel@infosec.exchange,True,False,
ciphergoth@schelling.pt,True,False,
0xedward@mastodon.social,True,False,
b1ackzer0@infosec.exchange,True,False,
n0kovo@infosec.exchange,True,False,
ckeene@sfba.social,True,False,
geminideluxe@pentest.sh,True,False,
miki@infosec.exchange,True,False,
robert@mstdn.ca,True,False,
0xSeanG@infosec.exchange,True,False,
jullrich@infosec.exchange,True,False,
krelnik@infosec.exchange,True,False,
LoSaTAKaU@infosec.exchange,True,False,
Fennia@infosec.exchange,True,False,
RalphBroom@infosec.exchange,True,False,
_jond@infosec.exchange,True,False,
p00x1@infosec.exchange,True,False,
keefer@infosec.exchange,True,False,
brandon@ioc.dev,True,False,
David_Spurlock@infosec.exchange,True,False,
david_senate@infosec.exchange,True,False,
nw@ioc.exchange,True,False,
hughsie@mastodon.social,True,False,
Foxboron@chaos.social,True,False,
fj@mastodon.social,True,False,
gclef@mstdn.social,True,False,
invisv@ioc.exchange,True,False,
Seecurity@infosec.exchange,True,False,
jiro@infosec.exchange,True,False,
againsthimself@ioc.exchange,True,False,
buddhake@mastodon.social,True,False,
F30@chaos.social,True,False,
ecn@mastodon.social,True,False,
marabou@infosec.exchange,True,False,
kxynos@mastodon.social,True,False,
pcoronaf@infosec.exchange,True,False,
atoponce@fosstodon.org,True,False,
vcsjones@infosec.exchange,True,False,
kernelmethod@hachyderm.io,True,False,
ddanchev@infosec.exchange,True,False,
inliniac@mastodon.social,True,False,
atluxity@infosec.exchange,True,False,
unixmercenary@infosec.exchange,True,False,
applsec@infosec.exchange,True,False,
DavidJBianco@infosec.exchange,True,False,
bolo@mastodon.bida.im,True,False,
stev1eg@mastodon.ie,True,False,
JosephMenn@infosec.exchange,True,False,
ulldma@infosec.exchange,True,False,
brynet@bsd.network,True,False,
secvalve@cloudisland.nz,True,False,
SnoozyRests@infosec.exchange,True,False,
grayfox@nso.group,True,False,
nopatience@swecyb.com,True,False,
jacopo@infosec.exchange,True,False,
Sikorsky78@Infosec.exchange,True,False,
gertvdijk@mastodon.social,True,False,
rene_mobile@infosec.exchange,True,False,
mainframed767@infosec.exchange,True,False,
BrendanGilligan@techhub.social,True,False,
charlesdardaman@infosec.exchange,True,False,
reto@infosec.exchange,True,False,
hsarfaraz@fosstodon.org,True,False,
valb00@bsky.social,True,False,
g0tmi1k@infosec.exchange,True,False,
privacydigest@mas.to,True,False,
stf@chaos.social,True,False,
verbrecher@mastodon.social,True,False,
SonarResearch@infosec.exchange,True,False,
Gi7w0rm@infosec.exchange,True,False,
dam_alex@mastodon.muage.org,True,False,
hamishthepiper@ioc.exchange,True,False,
hanemile@chaos.social,True,False,
g@irrelephant.co,True,False,
dismantl@infosec.exchange,True,False,
zh4ck@infosec.exchange,True,False,
atheartengineer@mastodon.social,True,False,
thehellu@infosec.exchange,True,False,
alien8@infosec.exchange,True,False,
44CON@infosec.exchange,True,False,
dave_von_s@hachyderm.io,True,False,
avuko@infosec.exchange,True,False,
lippard@infosec.exchange,True,False,
burhancimen@infosec.exchange,True,False,
alvise@infosec.exchange,True,False,
xabean@infosec.exchange,True,False,
ATM@infosec.exchange,True,False,
cyann@infosec.exchange,True,False,
paulasadoorian@infosec.exchange,True,False,
haxorthematrix@infosec.exchange,True,False,
grhkm@infosec.exchange,True,False,
mttaggart@infosec.exchange,True,False,
elger@infosec.exchange,True,False,
tarah@infosec.exchange,True,False,
